{"":[0,1,2,3,3,4,5,6,7,8,9,10,11,12,12,13,14,15,16,17,17,18,19,20,21,22,23,24,25,26,27,27,28,29,30,31,32,33,34,35,36,36,37,38,39,40,41,42,43,44,45,46,46,47,48,49,50,51,52],"1%2F0%2Fd68d12f0-68e2-4c62-9337-4d733f1b10ac":[12],"10":[2,5,32,33],"1006.html":[0],"2000.html":[19],"2002.html":[41],"213":[51],"Gazprom_predlozhil_peresmotret_ceny_na_rossijskij_gaz_dlya_Polshi--ef1e71c42e95adfd4a42dd4d78aebae6?fan=1\u0026from=main_portal\u0026lang=ru\u0026lr=213\u0026mlid=1604963679.glob_225.ef1e71c4\u0026msid=1604964180.22062.97887.178273\u0026persistent_id=117815789\u0026stid=jqmhUWFSMwOecWL-c9gf\u0026t=1604963679\u0026utm_medium=topnews_news\u0026utm_source=morda_desktop":[24],"Glava_VOZ_pandemiya_COVID-19_vyshla_za_ramki_chrezvychajnoj_situacii--86ce8f9284b0383f48a150dcf51c56cb?fan=1\u0026from=main_portal\u0026lang=ru\u0026lr=213\u0026mlid=1604963679.glob_225.86ce8f92\u0026msid=1604964180.22062.97887.178273\u0026persistent_id=118709833\u0026stid=okFnf9_n8zD63I5HjaI9\u0026t=1604963679\u0026utm_medium=topnews_news\u0026utm_source=morda_desktop":[39],"Na_Ukraine_zakhoteli_prinuditelno_otselyat_rossiyan_v_sluchae_vojny--c9718e0be96c41ecdb330be4543cd6b0?fan=1\u0026from=main_portal\u0026lang=ru\u0026lr=213\u0026mlid=1604963679.glob_225.c9718e0b\u0026msid=1604964180.22062.97887.178273\u0026persistent_id=118734086\u0026stid=xQ4_Fe74TyunjbEMO5JE\u0026t=1604963679\u0026utm_medium=topnews_news\u0026utm_source=morda_desktop":[40],"Opublikovano_zayavlenie_Putina_Alieva_i_Pashinyana_o_prekrashhenii_vojny_v_Karabakhe--caa06beabd2606cf18e1a56e5cf8e409?fan=1\u0026from=main_portal\u0026lang=ru\u0026lr=213\u0026mlid=1604963679.glob_225.caa06bea\u0026msid=1604964180.22062.97887.178273\u0026persistent_id=118806521\u0026stid=anOmXXQXx-41-FMmzZK4\u0026t=1604963679\u0026utm_medium=topnews_news\u0026utm_source=morda_desktop":[4],"Pfizer_i_BioNTech_obyavili_ob_uspekhe_tretej_fazy_ispytanij_vakciny_ot_COVID--a195bd8b96e3b49cb2a4e419eea95121?fan=1\u0026from=main_portal\u0026lang=ru\u0026lr=213\u0026mlid=1604963679.glob_225.a195bd8b\u0026msid=1604964180.22062.97887.178273\u0026persistent_id=118718657\u0026stid=mwkvvzmtEGuDVbkE86Ih\u0026t=1604963679\u0026utm_medium=topnews_news\u0026utm_source=morda_desktop":[18],"Popova_nazvala_regiony_gde_sleduet_uzhestochit_ogranicheniya_po_COVID-19--4c97b9183961f048d4c7a88a44886168?fan=1\u0026from=main_portal\u0026lang=ru\u0026lr=213\u0026mlid=1604963679.glob_225.4c97b918\u0026msid=1604964180.22062.97887.178273\u0026persistent_id=118712084\u0026stid=ZoX-kf-NZHsJNBe4cQQC\u0026t=1604963679\u0026utm_medium=topnews_news\u0026utm_source=morda_desktop":[49],"Tramp_uvolil_EHspera_s_posta_glavy_Pentagona--5c4bc595d507223d78f86939d9fba424?fan=1\u0026from=main_portal\u0026lang=ru\u0026lr=213\u0026mlid=1604963679.glob_225.5c4bc595\u0026msid=1604964180.22062.97887.178273\u0026persistent_id=118745967\u0026stid=Bbg3pSqF1ZEEXPmL-O_2\u0026t=1604963679\u0026utm_medium=topnews_news\u0026utm_source=morda_desktop":[23],"Trusova_dvazhdy_upala_v_proizvolnoj_programme_na_ehtape_Kubka_v_Kazani--e49d488b7b816f9d4a69e12ba26e46f0?fan=1\u0026from=main_portal\u0026lang=ru\u0026lr=213\u0026mlid=1604963679.glob_225.e49d488b\u0026msid=1604964180.22062.97887.178273\u0026persistent_id=118742906\u0026stid=TT7GoshJqezDWm9w5-IO\u0026t=1604963679\u0026utm_medium=topnews_news\u0026utm_source=morda_desktop":[50],"Ustroivshij_strelbu_pod_Voronezhem_soldat-srochnik_ugnal_mashinu--ebaee400134c5f81b4f31d6976a68688?fan=1\u0026from=main_portal\u0026lang=ru\u0026lr=213\u0026mlid=1604963679.glob_225.ebaee400\u0026msid=1604964180.22062.97887.178273\u0026persistent_id=118716693\u0026stid=DA9mBo6CfYFHQm0dZpDE\u0026t=1604963679\u0026utm_medium=topnews_news\u0026utm_source=morda_desktop":[31],"Velikobritaniya_nazvala_neobosnovannoj_vysylku_diplomatov_iz_Belorussii--309b8fc0ad3ce828ced61e67d2f29c51?fan=1\u0026from=main_portal\u0026lang=ru\u0026lr=213\u0026mlid=1604963679.glob_225.309b8fc0\u0026msid=1604964180.22062.97887.178273\u0026persistent_id=118745726\u0026stid=TyHrcI0UWH20rbEol7rs\u0026t=1604963679\u0026utm_medium=topnews_news\u0026utm_source=morda_desktop":[8],"adv":[45],"all":[43],"answer_id=e7b70772-5d98-4449-b73b-951897254873":[1],"blog":[21],"chat":[12],"chats":[12],"collections":[14],"common":[46],"company":[11,21],"confidential":[17],"covid19":[13,22],"covid19?ll=41.775580%2C38.321550\u0026z=3\u0026utm_source=main_covid":[7],"desktopnotifications?retpath=https%3A%2F%2Fyandex.ru":[3],"from=main_bottom":[45],"games":[6],"gde_uzhe_v_rossii_vveden_rezhim_i_chto_on_e69ce31b":[30],"geo?retpath=https%3A%2F%2Fyandex.ru%2F\u0026nosync=1":[47],"https":[0,1,2,3,4,5,6,7,8,9,10,11,12,13,14,15,16,17,18,19,20,21,22,23,24,25,26,27,28,29,30,31,32,33,34,35,36,37,38,39,40,41,42,43,44,45,46,47,48,49,50,51,52],"images":[44],"jobs":[34],"koronavirus?from=main":[15],"lang=ru\u0026msid=1604964180.22062.97887.178273\u0026mlid=1604963679":[29],"legal":[17,27],"main.html":[46],"maps":[10,26,35,51],"metro":[20],"moscow":[20,51],"moscow?mlid=1604963679.geo_213\u0026msid=1604964180.22062.97887.178273\u0026utm_medium=topnews_region\u0026utm_source=morda_desktop":[37],"news":[0,4,8,15,16,18,19,23,24,29,31,37,39,40,41,49],"news?mlid=1604963679.glob_225\u0026msid=1604964180.22062.97887.178273\u0026utm_medium=topnews_news\u0026utm_source=morda_desktop":[28],"nowcast?utm_campaign=informer\u0026utm_content=main_informer\u0026utm_medium=web\u0026utm_source=home\u0026utm_term=nowcast_link":[35],"pochemu_seichas_vazhno_ostavatsia_doma_i_5bd11fae":[1],"pogoda":[2,5,32,33,35],"probki":[51],"q":[1,30],"question":[1,30],"quotes":[0,19,41],"region":[37],"rubric":[15],"rules":[27],"search":[42,52],"search?retpath=https%3A%2F%2Fyandex.ru%2F\u0026nosync=1":[48],"sport":[50],"stat?utm_source=main_notif\u0026geoId=213":[22],"stat?utm_source=main_notif\u0026geoId=225":[13],"story":[4,8,18,23,24,31,39,40,49,50],"support":[9,46],"text=%D0%BA%D0%BE%D1%80%D0%BE%D0%BD%D0%B0%D0%B2%D0%B8%D1%80%D1%83%D1%81\u0026nl=1":[42],"text=коронавирус%20горячая%20линия":[52],"time":[38],"troubleshooting":[46],"tune":[3,47,48],"utm_campaign=informer\u0026utm_content=main_informer\u0026utm_medium=web\u0026utm_source=home\u0026utm_term=current_day_part":[33],"utm_campaign=informer\u0026utm_content=main_informer\u0026utm_medium=web\u0026utm_source=home\u0026utm_term=main_number":[5],"utm_campaign=informer\u0026utm_content=main_informer\u0026utm_medium=web\u0026utm_source=home\u0026utm_term=next_day_part":[2],"utm_campaign=informer\u0026utm_content=main_informer\u0026utm_medium=web\u0026utm_source=home\u0026utm_term=title":[32],"utm_source=geoblock_maps_moscow":[10],"utm_source=main_stripe_big":[16,25,26,44],"utm_source=yamain\u0026utm_medium=service-list\u0026utm_campaign=general_ru_desktop_no_all\u0026utm_content=dlya_uytnih_vecherov":[6],"video":[25],"web-maps":[7],"yandex.ru":[0,1,2,3,4,5,6,7,8,9,10,11,12,13,14,15,16,17,18,19,20,21,22,23,24,25,26,27,28,29,30,31,32,33,34,35,36,37,38,39,40,41,42,43,44,45,46,47,48,49,50,51,52],"Блог":[21],"Все":[43],"Где":[30],"Главные":[16,28,29],"Карта":[7],"Компания":[11],"Коронавирус:":[1,13,22],"Местоположение":[47],"Москва":[20],"Москве":[2,5,32,33,35,51],"Настройка":[3,47,48],"Общие":[46],"Ой!":[0,4,8,10,14,15,18,19,23,24,26,31,37,39,40,41,42,49,50,52],"Погода":[35],"Подборки":[25],"Поиск":[48],"Политика":[17],"Пользовательское":[27],"Помощь":[17,27],"Правовые":[17,27],"Пробки":[51],"Прогноз":[2,5,32,33],"Работа":[34],"Реклама":[45],"России":[7,16,28,29,30],"Служба":[46],"Справка":[46],"Яндекс":[11,36],"Яндекс.Видео":[25],"Яндекс.Время":[38],"Яндекс.Игры":[6],"Яндекс.Картинки:":[44],"Яндекс.Карты":[51],"Яндекс.Кью":[1,30],"Яндекс.Мессенджер":[12],"Яндекс.Новости:":[16,28,29],"Яндекс.Погода":[2,5,32,33,35],"Яндекс.Справка":[9],"Яндекса":[3,21,27,43,47,48],"Яндексе":[34,45],"в":[2,5,7,30,32,33,34,35,44,51],"важно":[1],"вас":[25],"введен":[30],"видео":[25],"вопросы.":[46],"гроз":[35],"для":[25],"дней":[2,5,32,33],"документы.":[17,27],"дома?»":[1],"и":[7,16,28,29,30,35],"изображений":[44],"интернете":[44],"карта":[35],